Athlete Name,Test Date,Sport,0-10 Yard Sprint (s),Fly-10 (s),Pro-Agility (s),MTP Peak Force (N),Chin-Up Strength (Reps),CMJ (in),NCMJ (in),Seated Med Ball Throw (ft),5-Jump RSI,M-OHS,M-HS,M-IL,M-SM,M-ASLR,M-TSPU,M-RS,M-UBMC,M-LBMC
Jayden Davis,2025-05-06,Football,1.55,0.95,4.25,2500,15,29,27,18,2.15,Pass,Pass,Pass,Needs Work,Pass,Pass,Needs Work,Pass,Pass
Marty Chandler,2025-05-06,Golf,1.8,1.2,4.6,2100,8,26,24,17,1.95,Needs Work,Pass,Needs Work,Pass,Pass,Needs Work,Needs Work,Pass,Needs Work
Jayden Davis,2025-05-07,Football,1.58,0.98,4.28,2450,13,28,26,17.5,2.08,Pass,Pass,Needs Work,Pass,Pass,Pass,Pass,Pass,Pass
Marty Chandler,2025-05-07,Football,1.52,0.93,4.15,2600,16,30,28,19,2.25,Pass,Pass,Pass,Pass,Pass,Pass,Pass,Pass,Pass
Jayden Davis,2025-05-08,Golf,1.75,1.15,4.5,2150,10,27,25,16.5,2.0,Pass,Pass,Pass,Needs Work,Pass,Pass,Pass,Pass,Pass
Marty Chandler,2025-05-08,Football,1.57,0.97,4.22,2480,14,28.5,26.5,18.5,2.18,Pass,Needs Work,Pass,Pass,Pass,Pass,Needs Work,Pass,Pass
Jayden Davis,2025-05-09,Golf,1.82,1.22,4.65,2050,7,25,23,16,1.90,Needs Work,Pass,Pass,Pass,Pass,Needs Work,Pass,Pass,Pass
Marty Chandleron,2025-05-09,Football,1.54,0.94,4.20,2550,15,29.5,27.5,18.2,2.20,Pass,Pass,Pass,Pass,Pass,Pass,Pass,Pass,Needs Work
Jayden Davis,2025-05-10,Golf,1.78,1.18,4.55,2200,9,26.5,24.5,17.2,1.98,Pass,Pass,Needs Work,Pass,Pass,Pass,Needs Work,Pass,Pass
Marty Chandler,2025-05-10,Football,1.56,0.96,4.23,2520,14,28.8,26.8,18.3,2.12,Pass,Pass,Pass,Needs Work,Pass,Pass,Pass,Pass,Pass
